component,kurtosis,skewness,std
IC1,-1.1653848526112,0.16839831156511978,1.0
IC2,6105.077174887873,73.85837773813266,1.0
