Servicio,Períodos,Media,Mediana,Desv. Std,Mínimo,Máximo,Total
VOZ,114,74.00877192982456,36.5,114.46099119981052,3.0,855.0,8437.0
SMS,311,4.987138263665595,3.0,4.320972319287327,1.0,23.0,1551.0
DATOS,443,191105196.74266365,63826582.0,727849793.8434969,22736.0,14386369442.0,84659602157.0
